{
  "accuracy": 0.5272727272727272,
  "balanced_accuracy": 0.525,
  "macro_f1": 0.5031080031080031,
  "classes": [
    "high",
    "ideal",
    "low",
    "medium"
  ],
  "training_rows": 165,
  "testing_rows": 55,
  "feature_columns": [
    "eve_present",
    "sifted_key_length",
    "sifted_key_rate",
    "raw_error_count",
    "qber",
    "qber_z_basis",
    "qber_x_basis",
    "zero_to_one_error_rate",
    "one_to_zero_error_rate",
    "alice_one_rate",
    "bob_one_rate"
  ],
  "classification_report": {
    "high": {
      "precision": 0.5833333333333334,
      "recall": 0.7,
      "f1-score": 0.6363636363636364,
      "support": 10.0
    },
    "ideal": {
      "precision": 0.25,
      "recall": 0.4,
      "f1-score": 0.3076923076923077,
      "support": 5.0
    },
    "low": {
      "precision": 0.5263157894736842,
      "recall": 0.5,
      "f1-score": 0.5128205128205128,
      "support": 20.0
    },
    "medium": {
      "precision": 0.625,
      "recall": 0.5,
      "f1-score": 0.5555555555555556,
      "support": 20.0
    },
    "accuracy": 0.5272727272727272,
    "macro avg": {
      "precision": 0.4961622807017544,
      "recall": 0.525,
      "f1-score": 0.5031080031080031,
      "support": 55.0
    },
    "weighted avg": {
      "precision": 0.5474481658692185,
      "recall": 0.5272727272727272,
      "f1-score": 0.5321748958112594,
      "support": 55.0
    }
  },
  "confusion_matrix": [
    [
      7,
      0,
      1,
      2
    ],
    [
      0,
      2,
      3,
      0
    ],
    [
      2,
      4,
      10,
      4
    ],
    [
      3,
      2,
      5,
      10
    ]
  ]
}